timestamp,elapsed,rpm,speed,distance,duration
17:27:33,550.1132533550262,0.10906845024015054,0.0034813102028508,1.9151148816283,550.1132614612579
17:30:52,199.27123022079468,0.3010971525268316,0.009610593960334021,3.8302297632566,749.3844892978668
17:30:54,1.1267833709716797,53.24892214930285,1.6996300539799447,5.7453446448848995,750.5112721920013
17:30:54,0.9014949798583984,66.55611106056791,2.124376645923325,7.6604595265132,751.4127676486969
17:30:55,0.8163676261901855,73.49630004316471,2.34589763262139,9.575574408141499,752.2291350364685
17:30:56,0.7711036205291748,77.81055412348422,2.4836025024938153,11.490689289769799,753.0002384185791
17:30:57,0.7157707214355469,83.82572547765609,2.6755982387591284,13.405804171398099,753.7160091400146
17:30:57,0.7293744087219238,82.26227748398446,2.625695196770254,15.3209190530264,754.4453842639923
17:30:58,0.7063653469085693,84.9418792450563,2.711224283594689,17.2360339346547,755.1517488956451
17:30:59,0.7111191749572754,84.37404321660269,2.6930997631210856,19.151148816282998,755.8628685474396
17:31:00,0.7038769721984863,85.24216925664759,2.720809114761402,21.066263697911296,756.5667450428009
17:31:00,0.720787763595581,83.24225663972945,2.656974741184467,22.981378579539594,757.2875332832336
17:31:01,0.7208278179168701,83.23763110779326,2.656827100767026,24.896493461167893,758.0083560943604
17:31:02,0.7503454685211182,79.96316699060777,2.5523108514306965,26.81160834279619,758.7587068080902
17:31:03,0.8176028728485107,73.38526073295375,2.342353415364211,28.72672322442449,759.5763099193573
17:31:03,0.8553555011749268,70.14627241840763,2.2389695033207535,30.641838106052788,760.4316647052765
17:31:04,0.89292311668396,67.19503491277214,2.1447701888830517,32.556952987681086,761.3245885372162
17:31:05,0.8813512325286865,68.0772860870165,2.172930394768542,34.472067869309384,762.2059397697449
17:31:06,0.8972897529602051,66.86803209560448,2.134332722858182,36.38718275093768,763.1032292842865
17:31:07,0.973294734954834,61.64628025321058,1.9676618118325395,38.30229763256598,764.0765233039856
17:31:08,0.9704549312591553,61.82667331305187,1.9734197023899485,40.21741251419428,765.0469787120819
17:31:09,0.9583852291107178,62.6053054424407,1.998272535361723,42.13252739582258,766.0053632259369
17:31:10,0.9897465705871582,60.621579082012424,1.9349548041294808,44.047642277450876,766.9951107501984
17:31:11,0.9681015014648438,61.97697236210605,1.9782170348155859,45.962757159079175,767.963211774826
17:31:12,0.8061695098876953,74.42603480297635,2.3755734471960963,47.87787204070747,768.7693817615509
17:31:12,0.6750423908233643,88.88330690879525,2.8370290631561548,49.79298692233577,769.4444191455841
17:31:13,0.6520810127258301,92.01310700519849,2.9369278421752134,51.70810180396407,770.0965051651001
17:31:14,0.6566200256347656,91.37704860889217,2.916625760502699,53.62321668559237,770.7531259059906
17:31:14,0.6719603538513184,89.29098220767342,2.850041480352052,55.538331567220666,771.4250855445862
17:31:15,0.6613290309906006,90.72639667750013,2.895857873893214,57.453446448848965,772.0864140987396
17:31:16,0.6594231128692627,90.98862146176488,2.9042277170045003,59.36856133047726,772.7458322048187
17:31:16,0.6542706489562988,91.70516833624248,2.9270988767161055,61.28367621210556,773.4001071453094
17:31:17,0.6422300338745117,93.42446917037779,2.98197652027358,63.19879109373386,774.0423374176025
17:31:18,0.6481001377105713,92.57828614564315,2.9549675585527377,65.11390597536216,774.690438747406
17:31:18,0.6343247890472412,94.58876751469903,3.01913927170466,67.02902085699046,775.3247625827789
17:31:19,0.6162219047546387,97.36752221408005,3.1078331796576464,68.94413573861875,775.940984249115
17:31:20,0.6069779396057129,98.8503800302453,3.1551638975089285,70.85925062024705,776.5479633808136
17:31:20,0.6073029041290283,98.79748572263097,3.153475586247834,72.77436550187535,777.1552655696869
17:31:21,0.6170003414154053,97.24467876688588,3.1039121910937784,74.68948038350365,777.7722663879395
17:31:21,0.6086533069610596,98.57828638042491,3.1464790542094683,76.60459526513195,778.3809144496918
17:31:22,0.5895349979400635,101.77512821062415,3.2485177102632417,78.51971014676025,778.970454454422
17:31:23,0.5760762691497803,104.15287560543473,3.324412033939153,80.43482502838854,779.5465307235718
17:31:23,0.5665006637573242,105.9133798750545,3.3806048327044693,82.34993991001684,780.1130318641663
17:31:24,0.569303035736084,105.39202539544272,3.363963937329334,84.26505479164514,780.6823341846466
17:31:24,0.5661876201629639,105.97193909455386,3.3824739599164655,86.18016967327344,781.248521566391
17:31:25,0.5539429187774658,108.31440923988714,3.457242283834762,88.09528455490174,781.8024644851685
17:31:25,0.5472171306610107,109.6456902354702,3.499734884605929,90.01039943653004,782.349681854248
17:31:26,0.543391227722168,110.41768239710629,3.524375779226757,91.92551431815833,782.8930733203888
17:31:26,0.5374696254730225,111.63421550974998,3.5632057903603824,93.84062919978663,783.4305424690247
17:31:27,0.5300252437591553,113.20215538123338,3.613252206716653,95.75574408141493,783.9605679512024
17:31:27,0.527019739151001,113.84772816414166,3.6338579741120167,97.67085896304323,784.4875881671906
17:31:28,0.5172200202941895,116.00479031316812,3.7027083378153116,99.58597384467153,785.0048081874847
17:31:29,0.5330672264099121,112.55615995019335,3.5926329489925086,101.50108872629983,785.5378742218018
17:31:29,0.5412499904632568,110.85450541744285,3.5383185503414967,103.41620360792813,786.0791251659393
17:31:30,0.5535461902618408,108.39203856071802,3.45972010162766,105.33131848955642,786.6326718330383
17:31:30,0.5628466606140137,106.60097003071058,3.4025517350304373,107.24643337118472,787.1955187320709
17:31:31,0.5806646347045898,103.32986790305335,3.298142795630398,109.16154825281302,787.7761828899384
17:31:31,0.6150856018066406,97.54739799430666,3.1135745593835877,111.07666313444132,788.3912675380707
17:31:32,0.6079020500183105,98.7001113060776,3.150367533010647,112.99177801606962,788.9991698265076
17:31:33,0.5908875465393066,101.54216373556405,3.2410818147119365,114.90689289769792,789.5900583267212
17:31:33,0.5702314376831055,105.22043513381979,3.3584870196030585,116.82200777932621,790.1602892875671
17:31:34,0.5798015594482422,103.48368165325036,3.3030523123304203,118.73712266095451,790.7400908470154
17:31:34,0.5760695934295654,104.15408256977557,3.3244505585286652,120.65223754258281,791.3161599636078
17:31:35,0.5774970054626465,103.89664263615114,3.31623344106184,122.56735242421111,791.893657207489
17:31:35,0.584345817565918,102.6789243566916,3.2773656010847763,124.4824673058394,792.4780030250549
17:31:36,0.5844097137451172,102.66769800162534,3.2770072717572125,126.3975821874677,793.0624129772186
17:31:37,0.5963704586029053,100.60860516223381,3.2112839494343293,128.312697069096,793.6587829589844
17:31:37,0.6069314479827881,98.85795207913091,3.155405586567349,130.22781195072432,794.2657146453857
17:31:38,0.6316297054290771,94.99236575525046,3.032021554982644,132.14292683235263,794.8973453044891
17:31:39,0.6609089374542236,90.78406509543649,2.8976985679830456,134.05804171398094,795.5582530498505
17:31:39,0.6487278938293457,92.48870068747745,2.9521081178175606,135.97315659560925,796.2069807052612
17:31:40,0.6209239959716797,96.63018403098822,3.0842983908704475,137.88827147723757,796.8279056549072
17:31:40,0.6230149269104004,96.30587873318959,3.07394702583703,139.80338635886588,797.4509205818176
17:31:41,0.6278188228607178,95.56897279155177,3.0504260335838485,141.7185012404942,798.0787389278412
17:31:42,0.6050453186035156,99.16612550359689,3.1652420450893017,143.6336161221225,798.6837840080261
17:31:42,0.5674464702606201,105.73684593093486,3.3749701196462016,145.54873100375082,799.2512309551239
17:31:43,0.5460314750671387,109.8837754593223,3.5073342271941783,147.46384588537913,799.7972617149353
17:31:43,0.5361268520355225,111.91381250947778,3.5721301299443384,149.37896076700744,800.3333888053894
17:31:44,0.5352284908294678,112.10165570038188,3.5781258181162214,151.29407564863575,800.8686175346375
17:31:44,0.533071756362915,112.55520346711452,3.592602419409537,153.20919053026407,801.4016845226288
17:31:45,0.5223388671875,114.86795980369246,3.6664223207055464,155.12430541189238,801.9240281581879
17:31:45,0.5176143646240234,115.91641210263137,3.6998874307118017,157.0394202935207,802.4416422843933
17:31:46,0.5240767002105713,114.48705881389559,3.6542645014724306,158.954535175149,802.9657192230225
17:31:46,0.5327005386352539,112.6336386926064,3.5951059605359266,160.86965005677732,803.4984200000763
17:31:47,0.5421144962310791,110.67772660044251,3.5326760212882635,162.78476493840563,804.0405344963074
17:31:48,0.540693998336792,110.96849638531904,3.5419569803240116,164.69987982003394,804.5812287330627
17:31:48,0.5382614135742188,111.4700004252243,3.557964277824333,166.61499470166225,805.1194896697998
17:31:49,0.5350677967071533,112.13532260630228,3.5792004179919967,168.53010958329057,805.6545584201813
17:31:49,0.5380377769470215,111.51633318473839,3.5594431537785387,170.44522446491888,806.1925950050354
17:31:50,0.53208327293396,112.7643041081785,3.5992766152338644,172.3603393465472,806.7246742248535
17:31:50,0.5375714302062988,111.61307433502252,3.5625309940547885,174.2754542281755,807.2622504234314
17:31:51,0.5418884754180908,110.72389010249269,3.5341494947843364,176.19056910980382,807.8041386604309
17:31:51,0.5506598949432373,108.9601776904143,3.477854296662938,178.10568399143213,808.3547985553741
17:31:52,0.5656428337097168,106.0740036367039,3.385731715309101,180.02079887306044,808.9204437732697
17:31:52,0.5823888778686523,103.0239454770837,3.288378185787093,181.93591375468876,809.5028300285339
17:31:53,0.576141357421875,104.14110916891785,3.324036465977866,183.85102863631707,810.0789711475372
17:31:54,0.5827012062072754,102.96872455530342,3.2866156123024486,185.76614351794538,810.6616728305817
17:31:54,0.5731792449951172,104.67929626536134,3.3412146346028537,187.6812583995737,811.2348520755768
17:31:55,0.5848729610443115,102.58638028481923,3.274411725597289,189.596373281202,811.8197247982025
17:31:55,0.6135375499725342,97.79352543733629,3.1214305981989736,191.51148816283032,812.4332575798035
17:31:56,0.6307275295257568,95.12824031180931,3.036358478070986,193.42660304445863,813.0639898777008
17:31:57,0.6177077293395996,97.13331588734835,3.100357645962723,195.34171792608694,813.6816976070404
17:31:57,0.6121065616607666,98.02214803449924,3.1287279071673617,197.25683280771526,814.2938041687012
17:31:58,0.6081843376159668,98.654299838097,3.1489052959426655,199.17194768934357,814.9019887447357
17:31:58,0.6001434326171875,99.97610027713509,3.19109529079841,201.08706257097188,815.5021314620972
17:31:59,0.590980052947998,101.52626928895613,3.240574486524702,203.0021774526002,816.0931124687195
17:32:00,0.6039249897003174,99.35008655590406,3.1711138209045258,204.9172923342285,816.6970374584198
17:32:00,0.5822563171386719,103.04740066170932,3.2891268420058903,206.83240721585682,817.2792935371399
17:32:01,0.5720682144165039,104.88259701895618,3.3477037062471156,208.74752209748513,817.8513615131378
17:32:01,0.5604512691497803,107.05658690187573,3.417094379201926,210.66263697911344,818.4118134975433
17:32:02,0.5554590225219727,108.01876928306902,3.447805875819656,212.57775186074176,818.9672720432281
17:32:03,0.5475189685821533,109.58524442609738,3.497805540121563,214.49286674237007,819.5147907733917
17:32:03,0.530311107635498,113.141133829013,3.611304485337364,216.40798162399838,820.0451018810272
17:32:04,0.52945876121521,113.32327349213833,3.6171181249937994,218.3230965056267,820.5745606422424
17:32:04,0.5283553600311279,113.55993435263932,3.6246720039245393,220.238211387255,821.1029160022736
17:32:05,0.5319950580596924,112.78300256929776,3.5998734435864157,222.15332626888332,821.6349108219147
17:32:05,0.5327484607696533,112.62350699862924,3.5947825712373973,224.06844115051163,822.1676597595215
17:32:06,0.5437180995941162,110.35130161160683,3.5222569987240204,225.98355603213994,822.7113785743713
17:32:06,0.564244270324707,106.33692383880417,3.3941237551711496,227.89867091376826,823.2756221294403
17:32:07,0.5779514312744141,103.8149518337497,3.313625986538987,229.81378579539657,823.8535730838776
17:32:07,0.5806095600128174,103.33966943065053,3.2984556464864654,231.72890067702488,824.4341826438904
17:32:08,0.5854990482330322,102.47668238073656,3.270910324120753,233.6440155586532,825.0196833610535
17:32:09,0.5785057544708252,103.71547652950075,3.3104508759469593,235.5591304402815,825.5981884002686
17:32:09,0.574455976486206,104.4466459675535,3.333788767143736,237.47424532190982,826.1726441383362
17:32:10,0.5686960220336914,105.50451853951144,3.3675545589007867,239.38936020353813,826.7413401603699
17:32:10,0.5506508350372314,108.96197042167962,3.477911518101688,241.30447508516644,827.2919902801514
17:32:11,0.5345463752746582,112.24470462300127,3.582691736791376,243.21958996679476,827.826536655426
17:32:11,0.47855353355407715,125.37782252781115,4.001882229152717,245.13470484842307,828.3050906658173
17:32:12,0.4490702152252197,133.6093955149275,4.264622361266651,247.04981973005138,828.7541608810425
17:32:12,0.44612860679626465,134.49036687172236,4.292741717194753,248.9649346116797,829.2002894878387
17:32:13,0.4402148723602295,136.2970761944221,4.3504093157060675,250.880049493308,829.6405034065247
17:32:13,0.4427969455718994,135.50228970641683,4.325040858524468,252.79516437493632,830.083301782608
17:32:14,0.445112943649292,134.7972483300204,4.30253693798946,254.71027925656463,830.5284140110016
17:32:14,0.4473278522491455,134.1298103802894,4.281233265487904,256.6253941381929,830.9757421016693
17:32:14,0.453646183013916,132.26166613234668,4.221604751316847,258.54050901982123,831.4293882846832
17:32:15,0.46003007888793945,130.426254181122,4.1630210056217,260.45562390144954,831.8894186019897
17:32:15,0.46642613410949707,128.63773191987255,4.105933912310994,262.37073878307785,832.3558442592621
17:32:16,0.4735126495361328,126.71255996809758,4.0444851547353675,264.28585366470617,832.8293566703796
17:32:16,0.4810609817504883,124.724312043915,3.9810231016025575,266.2009685463345,833.3104183673859
17:32:17,0.4850175380706787,123.70686684582643,3.9485476942675457,268.1160834279628,833.7954385280609
17:32:17,0.49561190605163574,121.06246695725838,3.8641422012746642,270.0311983095911,834.2910478115082
17:32:18,0.5021579265594482,119.48432321101052,3.8137700917115325,271.9463131912194,834.793205499649
17:32:18,0.5069591999053955,118.35271953087486,3.777650907579313,273.86142807284773,835.3001644611359
17:32:19,0.5190846920013428,115.58807440201838,3.689407357101076,275.77654295447604,835.8192489147186
17:32:19,0.5311217308044434,112.96845246592204,3.6057927412001085,277.69165783610435,836.3503704071045
17:32:20,0.5438463687896729,110.32527464241358,3.521426254790259,279.60677271773267,836.8942174911499
17:32:20,0.5584700107574463,107.43638663537672,3.429217047896363,281.521887599361,837.4526896476746
17:32:21,0.5766396522521973,104.05111713295531,3.3211640478562012,283.4370024809893,838.0293266773224
17:32:22,0.6031219959259033,99.48236079151607,3.175335826855802,285.3521173626176,838.6324443817139
17:32:22,0.637770414352417,94.0777412212248,3.0028280373790626,287.2672322442459,839.2702188491821
17:32:23,0.662733793258667,90.53408866474057,2.8897196749416776,289.18234712587423,839.9329528808594
17:32:24,0.7056183815002441,85.03179845234693,2.714094377128464,291.09746200750254,840.638571023941
17:32:24,0.7522170543670654,79.76421120960296,2.5459604651475582,293.01257688913086,841.3907887935638
17:32:25,0.7896919250488281,75.97899648814325,2.4251417810937914,294.92769177075917,842.1804809570312
17:32:26,0.8436477184295654,71.11973243012959,2.2700409659060665,296.8428066523875,843.0241281986237
17:32:27,0.9274954795837402,64.69034223964951,2.06482395201301,298.7579215340158,843.9516189098358
17:32:28,0.8900830745697021,67.40943819093081,2.151613637360911,300.6730364156441,844.8417072296143
17:32:29,0.9098854064941406,65.94236985422667,2.104786897294448,302.5881512972724,845.7515923976898
17:32:30,0.8429977893829346,71.17456386679183,2.2717911075782817,304.50326617890073,846.5945899486542
17:32:30,0.8011810779571533,74.88943717066763,2.390364593371886,306.41838106052904,847.3957707881927
17:32:31,0.7423224449157715,80.82740918174443,2.579896236123644,308.33349594215736,848.1380937099457
17:32:32,0.7178428173065186,83.58375754894546,2.667874965739953,310.24861082378567,848.8559372425079
17:32:33,0.7052605152130127,85.0749456488117,2.7154715744293014,312.163725705414,849.561196565628
17:32:33,0.7058606147766113,85.00261771793093,2.7131629694828487,314.0788405870423,850.2670526504517
17:32:34,0.6984014511108398,85.91047441921437,2.7421404674664136,315.9939554686706,850.9654593467712
17:32:35,0.6884164810180664,87.15654208520523,2.781913179643996,317.9090703502989,851.6538753509521
17:32:35,0.6761057376861572,88.74351548226545,2.8325671191349664,319.82418523192723,852.3299810886383
17:32:36,0.6585783958435059,91.10532683531491,2.9079527869653616,321.73930011355554,852.9885604381561
17:32:37,0.6226296424865723,96.36547299672448,3.0758491901862857,323.65441499518386,853.6111917495728
17:32:37,0.55204176902771,108.6874279561775,3.469148512079654,325.56952987681217,854.1632311344147
17:32:38,0.5133559703826904,116.87796278140472,3.730578764284446,327.4846447584405,854.6765866279602
17:32:38,0.498197078704834,120.43426700931761,3.844090950125673,329.3997596400688,855.1747839450836
17:32:39,0.5081133842468262,118.08388021295225,3.7690699379373065,331.3148745216971,855.6828968524933
17:32:39,0.5115914344787598,117.28108790783727,3.7434459464309335,333.2299894033254,856.1944892406464
17:32:40,0.5283050537109375,113.57074776882419,3.625017152828821,335.14510428495373,856.7227938175201
17:32:40,0.5335021018981934,112.46441164246738,3.589704473167672,337.06021916658204,857.2562961578369
17:32:41,0.5256073474884033,114.1536553602379,3.643622736210996,338.97533404821036,857.7819030284882
17:32:41,0.5280153751373291,113.633054689733,3.627005901353169,340.89044892983867,858.3099193572998
17:32:42,0.5298733711242676,113.23460145335103,3.614287839309368,342.805563811467,858.8397917747498
17:32:42,0.5391147136688232,111.29356791559921,3.5523328024112324,344.7206786930953,859.3789067268372
17:32:43,0.543461799621582,110.40334397335491,3.5239181170816676,346.6357935747236,859.9223687648773
17:32:43,0.5561099052429199,107.89234184525233,3.443770491359508,348.5509084563519,860.4784786701202
17:32:44,0.5679235458374023,105.64802329428004,3.372135027091483,350.46602333798023,861.0463974475861
17:32:45,0.5619339942932129,106.77410622837752,3.4080779968421124,352.38113821960854,861.6083359718323
17:32:45,0.5488042831420898,109.32859280266499,3.4896135843977394,354.29625310123686,862.157140493393
17:32:46,0.5291271209716797,113.39430095704991,3.6193852209114072,356.21136798286517,862.6862666606903
17:32:46,0.5057001113891602,118.64739328448984,3.7870564757588685,358.1264828644935,863.1919674873352
17:32:47,0.48821020126342773,122.8978826020583,3.922726064863493,360.0415977461218,863.6801781654358
17:32:47,0.47894906997680664,125.2742802129369,3.998577305351152,361.9567126277501,864.1591267585754
17:32:48,0.468203067779541,128.14952342057637,4.090350989605335,363.8718275093784,864.627329826355
17:32:48,0.46238279342651367,129.76261412187645,4.1418385563966025,365.78694239100673,865.0897128582001
17:32:49,0.45966577529907227,130.52962222597975,4.166320366971565,367.70205727263505,865.5493783950806
17:32:49,0.4638669490814209,129.34743490308125,4.1285866247223115,369.61717215426336,866.0132455825806
17:32:49,0.46495795249938965,129.04392682707962,4.118899077504893,371.53228703589167,866.47820353508
17:32:50,0.4697239398956299,127.73460090906093,4.077107251663239,373.44740191752,866.9479274749756
17:32:50,0.47258877754211426,126.96027254826882,4.052391788879575,375.3625167991483,867.4205164909363
17:32:51,0.4801168441772461,124.96957923402836,3.9888516823652447,377.2776316807766,867.9006328582764
17:32:51,0.49060964584350586,122.29682092132924,3.9035410287044807,379.1927465624049,868.3912422657013
17:32:52,0.5022821426391602,119.45477433209096,3.8128269334156277,381.10786144403323,868.8935248851776
17:32:52,0.510474681854248,117.53766079456874,3.751635388990963,383.02297632566155,869.4039990901947
17:32:53,0.508641242980957,117.96133488578774,3.76515846494186,384.93809120728986,869.9126410484314
17:32:53,0.5029776096343994,119.28960425020182,3.8075549387185332,386.85320608891817,870.4156188964844
17:32:54,0.5107753276824951,117.46847732883609,3.749427150911176,388.7683209705465,870.9263935089111
17:32:54,0.5158467292785645,116.31361913239769,3.7125657156083496,390.6834358521748,871.4422397613525
17:32:55,0.5269775390625,113.85684503127172,3.63414897157726,392.5985507338031,871.9692130088806
17:32:56,0.5452156066894531,110.04820710162673,3.5125826519473087,394.5136656154314,872.5144355297089
17:32:56,0.5537748336791992,108.34728548671805,3.458291646994061,396.42878049705973,873.068208694458
17:32:57,0.5628502368927002,106.60029270173015,3.402530115650268,398.34389537868805,873.6310584545135
17:32:57,0.5474593639373779,109.59717552089072,3.498186363741444,400.25901026031636,874.1785180568695
17:32:58,0.5304961204528809,113.10167536904589,3.6100450272725455,402.17412514194467,874.7090146541595
17:32:58,0.5298991203308105,113.22909908312853,3.614112211457746,404.089240023573,875.2389125823975
17:32:59,0.512122392654419,117.1594932395157,3.739564817117112,406.0043549052013,875.7510352134705
17:32:59,0.5071091651916504,118.31771957291357,3.776533758573513,407.9194697868296,876.2581453323364
17:33:00,0.49888062477111816,120.26925284486131,3.8388239320918442,409.8345846684579,876.7570252418518
17:33:00,0.4936506748199463,121.54343761787493,3.8794941024375533,411.74969955008623,877.2506759166718
17:33:01,0.4965202808380127,120.8409853847938,3.8570728236841085,413.66481443171455,877.7471921443939
17:33:01,0.4960494041442871,120.95569412789305,3.860734164033479,415.57992931334286,878.2432458400726
17:33:02,0.48128819465637207,124.66543053863708,3.979143687485717,417.4950441949712,878.724534034729
17:33:02,0.468120813369751,128.17204082017236,4.091069713056367,419.4101590765995,879.1926546096802
17:33:03,0.47643232345581055,125.93603969770335,4.019699729306734,421.3252739582278,879.6690864562988
17:33:03,0.47804927825927734,125.51007339343388,4.0061034891670895,423.2403888398561,880.1471364498138
17:33:04,0.48366808891296387,124.05201288935356,3.9595642663391115,425.1555037214844,880.6308047771454
17:33:04,0.47515416145324707,126.27480693106318,4.030512698806992,427.07061860311273,881.1059584617615
17:33:05,0.4717674255371094,127.18131170605882,4.059447045221346,428.98573348474105,881.5777263641357
17:33:05,0.4731011390686035,126.82277645351328,4.048003108592374,430.90084836636936,882.0508272647858
17:33:06,0.47339773178100586,126.74331956401525,4.045466957400281,432.8159632479977,882.5242247581482
17:33:06,0.4754815101623535,126.1878721204384,4.027737862981008,434.731078129626,882.9997062683105
17:33:06,0.478255033493042,125.45607635695261,4.004379980364938,436.6461930112543,883.4779615402222
17:33:07,0.4776003360748291,125.62805230229017,4.009869208568238,438.5613078928826,883.9555895328522
17:33:07,0.4845421314239502,123.82824136195288,3.952421796635616,440.4764227745109,884.440104007721
17:33:08,0.4904658794403076,122.33266882595109,3.9046852429647556,442.39153765613923,884.9305696487427
17:33:08,0.4945955276489258,121.31124655577003,3.8720828931305835,444.30665253776755,885.4251651763916
17:33:09,0.4970686435699463,120.70767443522504,3.8528177272940565,446.22176741939586,885.9222338199615
17:33:09,0.4841444492340088,123.92995539849576,3.9556683643865114,448.1368823010242,886.4063785076141
17:33:10,0.4799838066101074,125.0042171708893,3.9899572761710993,450.0519971826525,886.8863623142242
17:33:10,0.47817277908325195,125.47765708251188,4.005068806509519,451.9671120642808,887.3645346164703
17:33:11,0.48773765563964844,123.01695246661322,3.9265266060228696,453.8822269459091,887.8522729873657
17:33:11,0.4995384216308594,120.11088116929233,3.8337689328800013,455.7973418275374,888.3518121242523
17:33:12,0.5090470314025879,117.86730164142348,3.7621570571810308,457.71245670916574,888.8608586788177
17:33:12,0.5155544281005859,116.3795648522562,3.714670609433028,459.62757159079405,889.3764126300812
17:33:13,0.5336523056030273,112.4327570030827,3.5886941019850354,461.54268647242236,889.9100658893585
17:33:13,0.5490100383758545,109.28761917996799,3.488305764488052,463.4578013540507,890.4590752124786
17:33:14,0.5385720729827881,111.40570224464183,3.555911971116081,465.372916235679,890.9976470470428
17:33:15,0.5253236293792725,114.21530775399648,3.6455905931572468,467.2880311173073,891.5229704380035
17:33:15,0.5156962871551514,116.34755086368989,3.713648768334301,469.2031459989356,892.0386669635773
17:33:16,0.5093557834625244,117.79585497612096,3.759876580981638,471.1182608805639,892.5480227470398
17:33:16,0.514164924621582,116.6940744628956,3.724709310028872,473.03337576219224,893.0621886253357
17:33:17,0.5173299312591553,115.98014414894377,3.7019216672172934,474.94849064382055,893.5795123577118
17:33:17,0.5339374542236328,112.3727124317257,3.586777564448923,476.86360552544886,894.1134548187256
17:33:18,0.5430278778076172,110.4915648939421,3.5267340037131256,478.7787204070772,894.6564824581146
17:33:18,0.5677409172058105,105.68200772862303,3.37321976202405,480.6938352887055,895.2242238521576
17:33:19,0.591702938079834,101.40223436224456,3.2366154676249184,482.6089501703338,895.8159263134003
17:33:19,0.6229712963104248,96.31262363988947,3.0741623136902985,484.5240650519621,896.4388983249664
17:33:20,0.6491422653198242,92.42966173283872,2.9502236781404876,486.4391799335904,897.0880403518677
17:33:21,0.6343507766723633,94.58489247028933,3.019015585784394,488.35429481521874,897.7223913669586
17:33:21,0.6388177871704102,93.92349619093258,2.997904754830232,490.26940969684705,898.3612039089203
17:33:22,0.644932746887207,93.0329562106938,2.9694799820162276,492.18452457847536,899.0061414241791
17:33:23,0.6596043109893799,90.96362622312522,2.903429904446356,494.0996394601037,899.6657454967499
17:33:23,0.6726057529449463,89.20530301338515,2.8473067220182617,496.014754341732,900.3383514881134
17:33:24,0.6616697311401367,90.67968077761812,2.8943667686420023,497.9298692233603,901.0000212192535
17:33:25,0.6643972396850586,90.3074191404551,2.882484705288832,499.8449841049886,901.66441822052
17:33:25,0.6648850440979004,90.24116354039295,2.880369920527661,501.7600989866169,902.3293032646179
17:33:26,0.6672337055206299,89.92351480982684,2.8702310236770368,503.67521386824524,902.9965374469757
17:33:27,0.6747746467590332,88.9185749467354,2.8381547688945714,505.59032874987355,903.6713137626648
17:33:27,0.6565859317779541,91.38179345013891,2.9167772091040756,507.50544363150186,904.3278930187225
17:33:28,0.65248703956604,91.95584948308729,2.935100263297208,509.4205585131302,904.9803848266602
17:33:29,0.701371431350708,85.54668370858991,2.730528784071163,511.3356733947585,905.6817564964294
17:33:29,0.7391085624694824,81.17887282962899,2.5911144571638953,513.2507882763867,906.4208648204803
17:33:30,0.775317907333374,77.38761020800334,2.470102732716622,515.165903158015,907.1961841583252
17:33:31,0.8169093132019043,73.44756514628035,2.3443420838500924,517.0810180396433,908.0130927562714
17:33:32,0.8214938640594482,73.03767273867068,2.331258899688763,518.9961329212715,908.8345854282379
17:33:33,0.8530981540679932,70.3318835164399,2.244893946254703,520.9112478028998,909.6876857280731
17:33:34,0.9056649208068848,66.24966764368455,2.1145954067891526,522.826362684528,910.5933494567871
17:33:35,0.9831366539001465,61.02915577603313,1.9479640739982127,524.7414775661563,911.5764856338501
17:33:36,1.0182766914367676,58.923081029519814,1.8807411558503926,526.6565924477845,912.5947625637054
17:33:37,1.1104834079742432,54.03052361624448,1.7245776639939852,528.5717073294128,913.7052459716797
17:33:38,1.3044853210449219,45.99515152224071,1.4680999860498622,530.486822211041,915.0097312927246
17:33:39,1.1962621212005615,50.15623159561749,1.6009157589193763,532.4019370926693,916.2059886455536
17:33:40,1.094620704650879,54.81350731360097,1.7495693928419813,534.3170519742976,917.3006148338318
17:33:41,1.1982343196868896,50.073678423497824,1.5982807787785098,536.2321668559258,918.4988489151001
17:33:46,4.746856689453125,12.639943424732392,0.40344906259407975,538.1472817375541,923.2457005977631
17:33:57,10.390865802764893,5.77430227075348,0.18430753682900122,540.0623966191823,933.6365659236908
17:33:58,1.326277732849121,45.239393314028945,1.4439772561922108,541.9775115008106,934.9628484249115
17:33:59,0.880950927734375,68.10822045934805,2.1739177760486412,543.8926263824388,935.8437991142273
17:34:00,0.7654480934143066,78.38545881323971,2.5019526446082927,545.8077412640671,936.6092467308044
17:34:00,0.7053179740905762,85.06801500041577,2.715250357964595,547.7228561456953,937.3145654201508
17:34:01,0.6349101066589355,94.50156702613513,3.0163559558157607,549.6379710273236,937.9494707584381
17:34:02,0.6198158264160156,96.8029492679144,3.089812812141537,551.5530859089519,938.5692911148071
17:34:02,0.592930793762207,101.19224811936957,3.229913004647133,553.4682007905801,939.1622219085693
17:34:03,0.572859525680542,104.73771895251559,3.343079403896084,555.3833156722084,939.7350814342499
17:34:03,0.5638246536254883,106.41606324624121,3.3966497727862484,557.2984305538366,940.2989058494568
17:34:04,0.5593585968017578,107.26571530867986,3.423769461269289,559.2135454354649,940.8582646846771
17:34:04,0.5529816150665283,108.50270310122607,3.463252356767586,561.1286603170931,941.4112465381622
17:34:05,0.5456869602203369,109.9531496515388,3.509548552992758,563.0437751987214,941.9569339752197
17:34:05,0.5375816822052002,111.61094580804078,3.5624630544931435,564.9588900803496,942.4945149421692
17:34:06,0.5302062034606934,113.16351941636246,3.6120190015284805,566.8740049619779,943.0247213840485
17:34:07,0.5269629955291748,113.85998734075847,3.6342492696382727,568.7891198436062,943.5516860485077
17:34:07,0.5190126895904541,115.60410988668734,3.6899191870231367,570.7042347252344,944.0706970691681
17:34:08,0.5133192539215088,116.8863227740422,3.730845603389618,572.6193496068627,944.5840158462524
17:34:08,0.5102453231811523,117.5904947563786,3.753321774099587,574.5344644884909,945.0942616462708
17:34:09,0.5055389404296875,118.6852192810359,3.7882638279071648,576.4495793701192,945.5998010635376
17:34:09,0.5132818222045898,116.89484685488142,3.731117679957408,578.3646942517474,946.1130821704865
17:34:10,0.5203232765197754,115.31292699668346,3.6806250422577707,580.2798091333757,946.6334056854248
17:34:10,0.5252723693847656,114.2264537353755,3.645946357070735,582.194924015004,947.1586780548096
17:34:11,0.5332841873168945,112.51036769321286,3.5911713251123976,584.1100388966322,947.691962480545
17:34:11,0.559025764465332,107.3295790890527,3.425807902539107,586.0251537782605,948.2509875297546
17:34:12,0.572941780090332,104.72268227766561,3.3425994545664937,587.9402686598887,948.8239302635193
17:34:12,0.5781371593475342,103.78160100920333,3.3125614755322648,589.855383541517,949.4020669460297
17:34:13,0.5789163112640381,103.64192342239012,3.3081031651133332,591.7704984231452,949.9809834957123
17:34:14,0.5627667903900146,106.61609928762526,3.403034639448192,593.6856133047735,950.5437505245209
17:34:14,0.5477273464202881,109.54355372638295,3.4964748321307537,595.6007281864017,951.0914778709412
17:34:15,0.5281088352203369,113.61294490550773,3.626364025569233,597.51584306803,951.6195857524872
17:34:15,0.5162374973297119,116.22557507030342,3.709755474049087,599.4309579496583,952.1358239650726
17:34:16,0.510063886642456,117.63232326631805,3.7546568807972767,601.3460728312865,952.6458880901337
17:34:16,0.4728200435638428,126.89817366403264,4.050409680590689,603.2611877129148,953.1187081336975
17:34:17,0.48006296157836914,124.98360590604561,3.9892993938372436,605.176302594543,953.5987708568573
17:34:17,0.47092318534851074,127.40931401709703,4.066724555536594,607.0914174761713,954.0696935653687
17:34:18,0.4408912658691406,136.0879759813804,4.343735133543603,609.0065323577995,954.510585308075
17:34:18,0.44491076469421387,134.85850368497572,4.304492122020365,610.9216472394278,954.9554963111877
17:34:18,0.44107580184936523,136.03103989933007,4.341917814576334,612.836762121056,955.3965716362
17:34:19,0.4358184337615967,137.67201052542322,4.394295269015433,614.7518770026843,955.8323905467987
17:34:19,0.43164563179016113,139.00291253073127,4.436775772954673,616.6669918843126,956.2640359401703
17:34:20,0.4289071559906006,139.89041488809966,4.465103589155945,618.5821067659408,956.6929438114166
17:34:20,0.42749714851379395,140.35181335967204,4.479830773810425,620.4972216475691,957.1204404830933
17:34:21,0.42470884323120117,141.27325332695617,4.509241830374974,622.4123365291973,957.5451488494873
17:34:21,0.4213066101074219,142.4140959590015,4.545655908745408,624.3274514108256,957.9664578437805
17:34:21,0.41477322578430176,144.6573603842075,4.6172577268143975,626.2425662924538,958.3812282085419
17:34:22,0.4115924835205078,145.7752568433638,4.652939395898561,628.1576811740821,958.7928214073181
17:34:23,0.7887001037597656,76.07454305378882,2.428191491923063,630.0727960557103,959.5815215110779
17:34:23,0.7649447917938232,78.4370331606518,2.5035988246122782,631.9879109373386,960.3464663028717
17:34:24,0.7996790409088135,75.03010199168361,2.3948544149060402,633.9030258189669,961.1461451053619
17:34:25,0.4384489059448242,136.84604793505994,4.367931714874216,635.8181407005951,961.5845935344696
17:34:25,0.4792478084564209,125.19619065812783,3.9960847975425757,637.7332555822234,962.063841342926
17:34:26,0.5365667343139648,111.82206455030028,3.569201665244674,639.6483704638516,962.6004090309143
17:34:26,0.6133673191070557,97.82066655808858,3.12229690426992,641.5634853454799,963.2137763500214
17:34:27,0.6948263645172119,86.35250915052707,2.7562495890019725,643.4786002271081,963.90860247612
17:34:28,0.8332815170288086,72.00447720710173,2.298280764053104,645.3937151087364,964.7418837547302
17:34:29,1.104659080505371,54.31540016178617,1.733670519190548,647.3088299903646,965.8465430736542
17:34:30,0.965693473815918,62.13151649758098,1.983149864377526,649.2239448719929,966.8122372627258
17:34:31,0.8888633251190186,67.50194130460497,2.154566205520817,651.1390597536212,967.7011001110077
17:34:31,0.7631707191467285,78.61936850392225,2.509418710101346,653.0541746352494,968.4642703533173
17:34:32,0.635549783706665,94.40645176537849,3.013320011626677,654.9692895168777,969.0998203754425
17:34:33,0.5886754989624023,101.92372555976225,3.2532607268416567,656.8844043985059,969.6884956359863
17:34:33,0.5510473251342773,108.88357000077879,3.47540908788847,658.7995192801342,970.2395434379578
17:34:34,0.5131247043609619,116.9306398426541,3.732260141349765,660.7146341617624,970.75266289711
17:34:34,0.5011656284332275,119.72089983021264,3.8213212817795204,662.6297490433907,971.2538335323334
17:34:35,0.487424373626709,123.09601908818505,3.9290503004164075,664.544863925019,971.7412579059601
17:34:35,0.5031960010528564,119.237831529781,3.8059024269295283,666.4599788066472,972.2444543838501
17:34:36,0.5801892280578613,103.41453632437363,3.3008452915249724,668.3750936882755,972.8246431350708
17:34:36,0.6654958724975586,90.15833527986322,2.8777261599549973,670.2902085699037,973.4901390075684
17:34:37,0.8386662006378174,71.5421701200897,2.2835245776827877,672.205323451532,974.3288054466248
17:34:38,0.7237448692321777,82.90214210935149,2.6461187678747193,674.1204383331602,975.0525496006012
17:34:39,0.6441874504089355,93.1405912392604,2.9729155394327678,676.0355532147885,975.696736574173
17:34:39,0.550396203994751,109.0123797448505,3.4795205121846444,677.9506680964167,976.2471342086792
17:34:40,0.5672953128814697,105.7650198011355,3.37586938961444,679.865782978045,976.8144283294678
17:34:40,0.5735511779785156,104.61141447127758,3.3390479440354968,681.7808978596732,977.3879804611206
17:34:41,0.5791318416595459,103.6033519208087,3.3068720175019113,683.6960127413015,977.9671123027802
17:34:42,0.5937261581420898,101.0566894808109,3.225586165213184,685.6111276229298,978.5608377456665
17:34:42,0.6263782978057861,95.78875930117793,3.057441307173285,687.526242504558,979.187216758728
17:34:43,0.6978750228881836,85.97527928666598,2.7442089469007223,689.4413573861863,979.885091304779
17:34:44,0.8200042247772217,73.17035472140498,2.3354939203497365,691.3564722678145,980.7050955295563
17:34:45,1.060744285583496,56.56405678112618,1.8054444484467151,693.2715871494428,981.7658395767212
17:34:46,1.2651772499084473,47.4241850336321,1.513712708450049,695.186702031071,983.0310168266296
17:34:47,1.4231634140014648,42.15959981102932,1.3456746166932652,697.1018169126993,984.454183101654
17:34:49,1.5506160259246826,38.694298908861114,1.2350671279088934,699.0169317943275,986.0047960281372
17:34:51,1.5973172187805176,37.56298329132606,1.1989571383262287,700.9320466759558,987.6021139621735
17:34:52,1.1499395370483398,52.1766563083897,1.665404849496704,702.8471615575841,988.7520544528961
17:34:53,1.191157579421997,50.37116921936952,1.6077762629505319,704.7622764392123,989.9432113170624
17:34:54,0.9634766578674316,62.27447184118042,1.9877127961431191,706.6773913208406,990.9066889286041
17:34:55,0.768385648727417,78.08578947221444,2.4923876243655383,708.5925062024688,991.6750736236572
17:34:55,0.6394968032836914,93.823768456561,2.994721587026797,710.5076210840971,992.3145701885223
17:34:56,0.5639398097991943,106.39433314942704,3.3959561789231145,712.4227359657253,992.8785107135773
17:34:56,0.5186142921447754,115.69291650614694,3.6927537683317064,714.3378508473536,993.3971235752106
17:34:57,0.47603368759155273,126.04149992737763,4.023065870227887,716.2529657289818,993.8731579780579
17:34:57,0.45697474479675293,131.2982843869982,4.190854972696749,718.1680806106101,994.330132484436
17:34:58,0.4304063320159912,139.40315357110214,4.4495508991655495,720.0831954922384,994.7605383396149
17:34:58,0.4084513187408447,146.89633071810195,4.68872248358049,721.9983103738666,995.1689903736115
17:34:59,0.40823864936828613,146.97285544336575,4.691165044249911,723.9134252554949,995.5772290229797
17:34:59,0.7901406288146973,75.93584966008768,2.4237645955520533,725.8285401371231,996.3673694133759
17:35:00,0.7807638645172119,76.8478188179229,2.4528733573146573,727.7436550187514,997.1481339931488
17:35:01,0.7729158401489258,77.62811535656867,2.477779315868717,729.6587699003796,997.9210488796234
17:35:02,0.7997097969055176,75.02721641296681,2.394762311326996,731.5738847820079,998.7207591533661
17:35:02,0.4365265369415283,137.44868850444448,4.3871671469192375,733.4889996636362,999.1572847366333
17:35:03,0.46530771255493164,128.94692776646536,4.1158030050967875,735.4041145452644,999.6225934028625
17:35:03,0.5411684513092041,110.87120813278557,3.5388516773201038,737.3192294268927,1000.1637623310089
17:35:04,0.6582620143890381,91.14911492453143,2.909350440653639,739.2343443085209,1000.8220250606537
17:35:05,0.8520069122314453,70.42196388155729,2.2477691837176836,741.1494591901492,1001.6740305423737
17:35:06,1.1122713088989258,53.94367320271525,1.721805522003562,743.0645740717774,1002.7863013744354
17:35:07,1.070159673690796,56.066399692552764,1.789559940175469,744.9796889534057,1003.8564567565918
17:35:08,0.9288291931152344,64.59745284142481,2.061859054198249,746.8948038350339,1004.7852909564972
17:35:09,0.8437521457672119,71.11093026666362,2.2697600133353295,748.8099187166622,1005.6290435791016
17:35:09,0.8070003986358643,74.34940565261513,2.373127553425708,750.7250335982905,1006.436044216156
17:35:10,0.7591657638549805,79.03412252855686,2.522657070181229,752.6401484799187,1007.195209980011
17:35:11,0.7689759731292725,78.02584488542064,2.490474278194841,754.555263361547,1007.9641852378845
17:35:12,0.7793490886688232,76.98732297548936,2.457326132118067,756.4703782431752,1008.7435345649719
17:35:13,0.9015107154846191,66.55494934161287,2.1243395655023405,758.3854931248035,1009.6450443267822
17:35:14,1.1744413375854492,51.08812001062127,1.6306603151125556,760.3006080064317,1010.8194863796234
17:35:15,1.417588472366333,42.32540061492176,1.3509667431419379,762.21572288806,1012.2370748519897
17:35:16,1.0218470096588135,58.717204662597695,1.8741698742825907,764.1308377696882,1013.2589223384857
17:35:17,0.955289363861084,62.80819432291415,2.0047484606002497,766.0459526513165,1014.2142114639282
17:35:18,1.0646486282348633,56.35662171422429,1.7988234153867921,767.9610675329448,1015.2788591384888
17:35:19,1.056736707687378,56.778570824238116,1.8122914323847472,769.876182414573,1016.3355975151062
17:35:20,0.8526175022125244,70.37153218682617,2.246159475566262,771.7912972962013,1017.1882138252258
17:35:21,0.6944472789764404,86.39964734030664,2.757754173147637,773.7064121778295,1017.8826611042023
17:35:21,0.6181721687316895,97.06033858350926,3.0980283139526676,775.6215270594578,1018.5008335113525
17:35:22,0.5872514247894287,102.17088876627972,3.2611498257581992,777.536641941086,1019.0880801677704
17:35:23,0.5854792594909668,102.4801460126287,3.271020878337105,779.4517568227143,1019.6735651493073
17:35:23,0.6893718242645264,87.03575906081237,2.7780579568529484,781.3668717043425,1020.3629388809204
17:35:24,0.8301310539245605,72.27774423850501,2.307003060028084,783.2819865859708,1021.1930689811707
17:35:25,0.9477255344390869,63.309468637996666,2.0207484256101256,785.197101467599,1022.1407928466797
17:35:26,0.985785722732544,60.86515417740409,1.9427293756291242,787.1122163492273,1023.1265785694122
17:35:27,0.826683759689331,72.57914443916025,2.316623326854761,789.0273312308556,1023.9532623291016
17:35:28,0.7523572444915771,79.74934838375404,2.5454860648314526,790.9424461124838,1024.7056140899658
17:35:28,0.6889729499816895,87.08614757893557,2.7796662868682973,792.8575609941121,1025.3945920467377
17:35:29,0.640312671661377,93.70422085248128,2.990905797099529,794.7726758757403,1026.0349044799805
17:35:30,0.6366205215454102,94.24766869649237,3.0082518813237704,796.6877907573686,1026.6715257167816
17:35:30,0.6366407871246338,94.24466860030746,3.008156122509603,798.6029056389968,1027.308166027069
17:35:31,0.6402373313903809,93.7152475468747,2.991257753541663,800.5180205206251,1027.9484033584595
17:35:32,0.6619930267333984,90.63539580782252,2.8929532552305357,802.4331354022534,1028.61039686203
17:35:32,0.7540760040283203,79.56757631787289,2.5396841583575642,804.3482502838816,1029.3644726276398
17:35:33,0.8395707607269287,71.46509002773033,2.2810642904835423,806.2633651655099,1030.2040431499481
17:35:34,0.8008840084075928,74.9172156893215,2.3912512442796126,808.1784800471381,1031.0049271583557
17:35:35,0.690988302230835,86.83215013378924,2.7715590487500426,810.0935949287664,1031.6959154605865
17:35:35,0.587609052658081,102.10870599863428,3.259165040029889,812.0087098103946,1032.2835249900818
17:35:36,0.5366711616516113,111.80030582479847,3.568507157594444,813.9238246920229,1032.820195198059
17:35:36,0.5076069831848145,118.2016835614624,3.772830053701264,815.8389395736511,1033.327802181244
17:35:37,0.4902951717376709,122.37526179862645,3.9060447502284785,817.7540544552794,1033.8180978298187
17:35:37,0.47542238235473633,126.20356598026343,4.0282387887226925,819.6691693369077,1034.2935197353363
17:35:38,0.45783400535583496,131.0518644270802,4.182989597157262,821.5842842185359,1034.7513542175293
17:35:38,0.4499995708465576,133.33346049003012,4.25581490672426,823.4993991001642,1035.2013533115387
17:35:39,0.42174243927001953,142.26692505466625,4.54095842226149,825.4145139817924,1035.6230957508087
17:35:39,0.47051358222961426,127.52022952383028,4.0702648211623975,827.3296288634207,1036.0936098098755
17:35:40,0.5725431442260742,104.79559593906939,3.3449267552003,829.2447437450489,1036.6661531925201
17:35:40,0.6727445125579834,89.1869036164433,2.8467194393699904,831.1598586266772,1037.338897228241
17:35:41,0.7044045925140381,85.17832029722928,2.7187711465554276,833.0749735083054,1038.0433022975922
17:35:42,0.7297892570495605,82.21551553467901,2.624202621686774,834.9900883899337,1038.7730920314789
17:35:42,0.6617031097412109,90.67510657984626,2.8942207667382625,836.905203271562,1039.4347941875458
17:35:43,0.5729830265045166,104.7151437731586,3.3423588361970507,838.8203181531902,1040.0077774524689
17:35:44,0.5095515251159668,117.75060429138121,3.758432243319155,840.7354330348185,1040.5173285007477
17:35:44,0.4756903648376465,126.13246858695163,4.025969460789752,842.6505479164467,1040.993015050888
17:35:44,0.4620554447174072,129.8545459986863,4.144772891486179,844.565662798075,1041.4550743103027
17:35:45,0.436906099319458,137.32927989208287,4.383355793410432,846.4807776797032,1041.891979932785
17:35:45,0.41187357902526855,145.67576813738515,4.649763857542334,848.3958925613315,1042.3038547039032
17:35:46,0.40822291374206543,146.97852075474344,4.691345872952051,850.3110074429597,1042.712077140808
17:35:46,0.7678859233856201,78.13660619725796,2.494009622138313,852.226122324588,1043.4799628257751
17:35:47,0.7437787055969238,80.66915542015506,2.5748450005587533,854.1412372062163,1044.2237417697906
17:35:48,0.7184932231903076,83.50809452813415,2.6654599094542086,856.0563520878445,1044.9422352313995
17:35:49,0.7047760486602783,85.13342658856682,2.7173382030629116,857.9714669694728,1045.6470115184784
17:35:49,0.6967132091522217,86.11864855125901,2.7487850904372264,859.886581851101,1046.3437247276306
17:35:50,0.70802903175354,84.74228782879284,2.7048536087358324,861.8016967327293,1047.0517537593842
17:35:51,0.7221527099609375,83.08491981321446,2.6519527728863497,863.7168116143575,1047.7739062309265
17:35:51,0.7248141765594482,82.77983784038044,2.642214989114834,865.6319264959858,1048.498720407486
17:35:52,0.7369279861450195,81.4190818208289,2.5987815873930264,867.547041377614,1049.2356486320496
17:35:53,0.7581536769866943,79.13962804806525,2.526024656689636,869.4621562592423,1049.993803024292
17:35:54,0.7879340648651123,76.14850363180007,2.430552208649783,871.3772711408706,1050.7817361354828
17:35:55,0.800194263458252,74.98179222217124,2.393312435597354,873.2923860224988,1051.5819311141968
17:35:55,0.8133549690246582,73.76852946745937,2.3545868096494535,875.2075009041271,1052.3952810764313
17:35:56,0.4083232879638672,146.94239042596425,4.690192644113333,877.1226157857553,1052.8036041259766
17:35:56,0.4061582088470459,147.72568593485022,4.715194325543002,879.0377306673836,1053.209762096405
17:35:57,0.4048271179199219,148.21141505611413,4.730698110019214,880.9528455490118,1053.6145894527435
17:35:57,0.7830231189727783,76.62609001725515,2.4457960885505843,882.8679604306401,1054.397612810135
17:35:58,0.7844643592834473,76.48531037765152,2.4413026021699977,884.7830753122684,1055.18208193779
17:35:59,0.799994707107544,75.00049621195076,2.393909440416897,886.6981901938966,1055.9820766448975
17:35:59,0.4334230422973633,138.43287999172676,4.418581142980341,888.6133050755249,1056.415498971939
17:36:00,0.5033464431762695,119.20219326748732,3.8047649041549616,890.5284199571531,1056.9188449382782
17:36:01,0.6725192070007324,89.21678277053975,2.8476731395809995,892.4435348387814,1057.5913648605347
17:36:02,1.1574716567993164,51.83712244489358,1.6545674102500676,894.3586497204096,1058.7488315105438
17:36:04,2.4462289810180664,24.527548510617894,0.7828845527090729,896.2737646020379,1061.195067167282
17:36:05,1.1540541648864746,51.99062732545335,1.6594670682694441,898.1888794836661,1062.3491203784943
17:36:06,0.7427911758422852,80.77640385531402,2.5782682184621577,900.1039943652944,1063.0919108390808
17:36:07,0.5555195808410645,108.00699393738589,3.4474300234904214,902.0191092469227,1063.647430896759
17:36:07,0.5180718898773193,115.81404274647701,3.6966199460885703,903.9342241285509,1064.1655020713806
17:36:08,0.48966336250305176,122.53316174870253,3.911084692631796,905.8493390101792,1064.6551656723022
17:36:08,0.4464724063873291,134.38680451832465,4.2894361537919465,907.7644538918074,1065.1016371250153
17:36:09,0.8483438491821289,70.72603880825538,2.257474824005176,909.6795687734357,1065.9499826431274
17:36:09,0.42397522926330566,141.51770164557794,4.517044273921334,911.5946836550639,1066.3739569187164
17:36:10,0.421231746673584,142.43940651152892,4.546463785675534,913.5097985366922,1066.7952048778534
17:36:10,0.41353273391723633,145.09129526855855,4.631108312725704,915.4249134183204,1067.2087216377258
17:36:11,0.40943264961242676,146.5442486250098,4.677484522646563,917.3400282999487,1067.6181542873383
17:36:11,0.40850162506103516,146.87824067048757,4.688145074923896,919.255143181577,1068.0266559123993
17:36:11,0.4083583354949951,146.92977903162054,4.689790106296904,921.1702580632052,1068.4350137710571
17:36:12,0.8031511306762695,74.70574056152891,2.384501258207449,923.0853729448335,1069.2381653785706
17:36:13,0.8097636699676514,74.09569263881262,2.365029393952442,925.0004878264617,1070.0479290485382
17:36:14,0.7877941131591797,76.16203142137032,2.4309839965018076,926.91560270809,1070.835723400116
17:36:15,0.7716634273529053,77.75410609496225,2.481800761502799,928.8307175897182,1071.6073865890503
17:36:15,0.7594258785247803,79.00705216492328,2.521793022577133,930.7458324713465,1072.3668129444122
17:36:16,0.7565572261810303,79.30662469892674,2.5313549528770847,932.6609473529747,1073.1233704090118
17:36:17,0.7431955337524414,80.73245502035809,2.576865433997919,934.576062234603,1073.8665652275085
17:36:18,0.7252318859100342,82.73215941782662,2.640693161505411,936.4911771162313,1074.5917971134186
17:36:18,0.7224025726318359,83.05618262322871,2.6510355225497184,938.4062919978595,1075.3141994476318
17:36:19,0.732999324798584,81.85546421408642,2.612710294316494,940.3214068794878,1076.0471987724304
17:36:20,0.7676291465759277,78.1627433867446,2.494843884147476,942.236521761116,1076.814828157425
17:36:21,0.7898540496826172,75.96340111709179,2.4246439989740383,944.1516366427443,1077.6046822071075
17:36:21,0.8199460506439209,73.17554606535484,2.3356596206839706,946.0667515243725,1078.4246287345886
17:36:22,0.41954827308654785,143.0109569003582,4.564706863262989,947.9818664060008,1078.8441758155823
17:36:22,0.46781325340270996,128.25630647182606,4.093759353114569,949.896981287629,1079.3119900226593
17:36:23,0.5316052436828613,112.86570385260173,3.6025131512261686,951.8120961692573,1079.8435952663422
17:36:23,0.654930830001831,91.6127280186707,2.9241483129187027,953.7272110508856,1080.498526096344
17:36:24,0.7792210578918457,76.99997246266396,2.4577298858036176,955.6423259325138,1081.2777471542358
17:36:25,0.8131239414215088,73.78948883869732,2.3552558030455764,957.5574408141421,1082.0908708572388
17:36:26,0.6509523391723633,92.172646735221,2.942020124028164,959.4725556957703,1082.7418234348297
17:36:26,0.6481308937072754,92.57389299374866,2.954827335376564,961.3876705773986,1083.3899540901184
17:36:27,0.6292734146118164,95.3480611238162,3.0433748465437525,963.3027854590268,1084.0192227363586
17:36:28,0.5705523490905762,105.16125311837932,3.3565980136281452,965.2179003406551,1084.5897798538208
17:36:28,0.5482535362243652,109.43841860683563,3.4931190682636393,967.1330152222833,1085.1380333900452
17:36:29,0.6477761268615723,92.62459283687342,2.9564456024443055,969.0481301039116,1085.7858109474182
17:36:30,0.7940990924835205,75.5573209539276,2.411682496247209,970.9632449855399,1086.5799083709717
17:36:31,0.9394011497497559,63.8704775015266,2.0386550326646518,972.8783598671681,1087.5193099975586
17:36:31,0.7099575996398926,84.51208921551573,2.6975059955688785,974.7934747487964,1088.2292666435242
17:36:32,0.6912589073181152,86.79815820787418,2.7704740746971237,976.7085896304246,1088.9205265045166
17:36:33,0.7021222114562988,85.45520853919672,2.7276090264344233,978.6237045120529,1089.6226439476013
17:36:33,0.7521426677703857,79.77209985688089,2.5462122595775227,980.5388193936811,1090.3747911453247
17:36:34,0.6830496788024902,87.84134135776311,2.8037710009407264,982.4539342753094,1091.0578405857086
17:36:35,0.7559964656829834,79.3654504003464,2.533232585813935,984.3690491569376,1091.8138370513916
17:36:36,1.1671037673950195,51.40931053107664,1.6409122608719224,986.2841640385659,1092.9809424877167
17:36:37,1.4521679878234863,41.31753385496962,1.3187970659638901,988.1992789201942,1094.4331095218658
17:36:39,1.1322758197784424,52.99062203036401,1.6913854806181758,990.1143938018224,1095.565379858017
17:36:39,0.8771257400512695,68.40524369572474,2.1833983363848812,992.0295086834507,1096.4425055980682
17:36:40,0.7603602409362793,78.90996500042958,2.518694138018183,993.9446235650789,1097.2028663158417
17:36:41,0.6873776912689209,87.2882561685092,2.786117306328254,995.8597384467072,1097.8902487754822
17:36:42,0.6524274349212646,91.96425041083816,2.9353684089931273,997.7748533283354,1098.5426759719849
17:36:42,0.6286380290985107,95.44443260303888,3.0464508874441507,999.6899682099637,1099.1713161468506
17:36:43,0.6665270328521729,90.01885451404824,2.8732741317831105,1001.605083091592,1099.837840795517
17:36:44,0.7465207576751709,80.37284882319031,2.565387314335889,1003.5201979732202,1100.5843620300293
17:36:44,0.7654156684875488,78.3887794178021,2.502058633595183,1005.4353128548485,1101.3497729301453
17:36:45,0.714423656463623,83.98378113205028,2.6806431510233923,1007.3504277364767,1102.0641963481903
17:36:46,0.6891670227050781,87.06162370406452,2.7788835195729518,1009.265542618105,1102.7533633708954
17:36:46,0.6794044971466064,88.31263297783676,2.8188139608605556,1011.1806574997332,1103.4327733516693
17:36:47,0.692143440246582,86.68723347088934,2.766933514454784,1013.0957723813615,1104.1249160766602
17:36:48,0.6665241718292236,90.01924091565152,2.873286465174123,1015.0108872629897,1104.7914423942566
17:36:48,0.6884994506835938,87.14603902795784,2.7815779369567117,1016.926002144618,1105.4799420833588
17:36:49,0.6933891773223877,86.531491927373,2.761962465326852,1018.8411170262463,1106.173329591751
17:36:50,0.811953067779541,73.8958966730464,2.358652190163639,1020.7562319078745,1106.985277414322
17:36:51,0.8098511695861816,74.0876870384207,2.364773866544993,1022.6713467895028,1107.7951278686523
17:36:52,0.8897624015808105,67.43373275090075,2.1523890852499283,1024.586461671131,1108.6848912239075
17:36:53,0.986100435256958,60.84572915168139,1.942109356365165,1026.5015765527594,1109.6709959506989
17:36:54,1.0222070217132568,58.69652499494454,1.8735098086280961,1028.4166914343878,1110.693202972412
17:36:55,1.1474108695983887,52.291643377058925,1.6690750736034246,1030.3318063160161,1111.840614080429
17:36:56,1.24953031539917,48.01804266816259,1.5326678016743476,1032.2469211976445,1113.0901398658752
17:36:58,1.7613885402679443,34.06403449796076,1.087275656589074,1034.1620360792729,1114.8515329360962
17:37:00,1.7156982421875,34.97118463180363,1.1162306019423005,1036.0771509609012,1116.5672316551208
17:37:01,1.2799482345581055,46.87689578376945,1.4962440120005962,1037.9922658425296,1117.8471789360046
17:37:02,1.5185437202453613,39.51153937820467,1.2611522843207057,1039.907380724158,1119.3657183647156
17:37:04,1.98020601272583,30.29987769676938,0.9671291114766741,1041.8224956057863,1121.3459284305573
17:37:07,2.2762234210968018,26.35945111710032,0.8413562850985423,1043.7376104874147,1123.6221523284912
17:37:08,1.7390286922454834,34.50201843566266,1.101255482539192,1045.652725369043,1125.361176252365
17:37:09,1.1232376098632812,53.417014773306164,1.7049953320752897,1047.5678402506715,1126.4844186306
17:37:11,1.7987926006317139,33.35570758903986,1.0646668665168708,1049.4829551322998,1128.2832117080688
17:37:13,1.9727582931518555,30.414268290383724,0.9707802969458263,1051.3980700139282,1130.2559700012207
17:37:15,1.311302900314331,45.75601867853527,1.4604672049220893,1053.3131848955566,1131.5672724246979
17:37:16,1.0980494022369385,54.64235022374078,1.7441063013438571,1055.228299777185,1132.6653213500977
17:37:17,0.9039523601531982,66.37517931789175,2.1186015613740237,1057.1434146588133,1133.5692691802979
17:37:17,0.7962791919708252,75.35045572583333,2.405079651633629,1059.0585295404417,1134.3655488491058
17:37:18,0.7103300094604492,84.46778145495311,2.6960917547084606,1060.97364442207,1135.0758783817291
17:37:19,0.6706061363220215,89.47129581765162,2.8557968349825416,1062.8887593036984,1135.7464892864227
17:37:19,0.6382832527160645,94.00215303266081,3.0004153696324924,1064.8038741853268,1136.384773015976
17:37:20,0.7083539962768555,84.70341145156665,2.7036127299263373,1066.7189890669551,1137.0931270122528
17:37:21,0.7725100517272949,77.66889228928856,2.479080857713367,1068.6341039485835,1137.8656363487244
17:37:22,0.8980588912963867,66.81076328233598,2.132504783582454,1070.5492188302119,1138.7636909484863
17:37:23,1.1129915714263916,53.90876403772312,1.7206912709805342,1072.4643337118403,1139.8766822814941
17:37:24,1.3244004249572754,45.303519139187514,1.4460240615598419,1074.3794485934686,1141.2010877132416
17:37:27,2.3128225803375244,25.942327141774893,0.8280422795547143,1076.294563475097,1143.5139100551605
17:37:29,2.1510164737701416,27.893789160450485,0.8903301787696815,1078.2096783567254,1145.664921760559
17:37:30,1.3141837120056152,45.65571727291628,1.4572657263462696,1080.1247932383537,1146.9791097640991
17:37:32,1.9348196983337402,31.010641483375313,0.9898156832275327,1082.039908119982,1148.9139294624329
17:37:34,2.3117008209228516,25.95491572998943,0.8284440894318534,1083.9550230016105,1151.225626707077
17:37:36,1.5610275268554688,38.43622163464593,1.2268296674345673,1085.8701378832388,1152.7866582870483
17:37:37,1.1354811191558838,52.84103714961282,1.6866109434316225,1087.7852527648672,1153.9221391677856
17:37:38,1.0823605060577393,55.434395161494606,1.7693872521307026,1089.7003676464956,1155.004499912262
17:37:39,1.006822109222412,59.59344699565561,1.9021382864817895,1091.615482528124,1156.01131772995
17:37:40,1.0087463855743408,59.47976702373842,1.8985097830490945,1093.5305974097523,1157.0200641155243
17:37:41,1.0126385688781738,59.25115025637379,1.8912126601595984,1095.4457122913807,1158.032707452774
17:37:42,1.004004716873169,59.76067541481432,1.9074759803844898,1097.360827173009,1159.0367131233215
17:37:43,1.0663588047027588,56.266239595334554,1.795938546371478,1099.2759420546374,1160.1030712127686
17:37:44,0.9403736591339111,63.80442435537838,2.036546709945205,1101.1910569362658,1161.0434443950653
17:37:45,0.8865389823913574,67.6789190230028,2.160215083224488,1103.1061718178942,1161.929978609085
17:37:46,0.8104512691497803,74.03282872632697,2.363022867047131,1105.0212866995225,1162.7404313087463
17:37:46,0.7469797134399414,80.32346651516409,2.563811101119386,1106.936401581151,1163.487414598465
17:37:47,0.6771130561828613,88.61149471587855,2.828353203561775,1108.8515164627793,1164.1645276546478
17:37:48,0.6272449493408203,95.65640992893567,3.053216902967363,1110.7666313444076,1164.7917721271515
17:37:48,0.5822937488555908,103.04077644302521,3.2889154063428725,1112.681746226036,1165.3740677833557
17:37:49,0.5450308322906494,110.08551525027067,3.5137734751252085,1114.5968611076644,1165.9190967082977
17:37:49,0.5265758037567139,113.94370871571783,3.6369215371565238,1116.5119759892928,1166.445672750473
17:37:50,0.49988508224487305,120.02758660161112,3.831110288444583,1118.4270908709211,1166.9455637931824
17:37:50,0.4945225715637207,121.32914340042177,3.872654135022696,1120.3422057525495,1167.4400753974915
17:37:51,0.4796724319458008,125.08536243496172,3.992547317884412,1122.2573206341779,1167.9197523593903
17:37:51,0.4675469398498535,128.329360939178,4.096091148074488,1124.1724355158062,1168.3872954845428
17:37:52,0.4555935859680176,131.6963228806561,4.203559796741168,1126.0875503974346,1168.8428888320923
17:37:52,0.45529794692993164,131.78183737611656,4.206289298122022,1128.002665279063,1169.2981922626495
17:37:53,0.45266246795654297,132.54909396588232,4.230779040006818,1129.9177801606913,1169.7508537769318
17:37:53,0.45662879943847656,131.39775693907814,4.194029995443446,1131.8328950423197,1170.2074823379517
17:37:54,0.45536208152770996,131.76327681633904,4.205696871384668,1133.748009923948,1170.662844657898
17:37:54,0.4550313949584961,131.85903360684082,4.208753292293117,1135.6631248055764,1171.1178755760193
17:37:55,0.453845739364624,132.20351056726662,4.219748508181275,1137.5782396872048,1171.5717220306396
17:37:55,0.4482848644256592,133.84346597753589,4.2720935583715,1139.4933545688332,1172.020007133484
17:37:55,0.44954752922058105,133.46753368665404,4.26009433295896,1141.4084694504616,1172.4695539474487
17:37:56,0.44358086585998535,135.26282267310143,4.3173974105384385,1143.32358433209,1172.9131307601929
17:37:56,0.44869089126586914,133.72234910034612,4.268227679472792,1145.2386992137183,1173.3618261814117
17:37:57,0.4381098747253418,136.95194621580941,4.371311837764252,1147.1538140953467,1173.799936056137
17:37:57,0.43642139434814453,137.48180262706475,4.388224102736274,1149.068928976975,1174.2363567352295
17:37:58,0.44400787353515625,135.13273880096912,4.3132453178820995,1150.9840438586034,1174.6803658008575
17:37:58,0.444735050201416,134.91178618106804,4.306192823706977,1152.8991587402318,1175.1250998973846
17:37:59,0.4505441188812256,133.17230762880618,4.250671136011811,1154.8142736218601,1175.575644493103
17:37:59,0.44542813301086426,134.7018644611219,4.299492420209546,1156.7293885034885,1176.0210719108582
17:37:59,0.4609391689300537,130.16902021859815,4.1548104624602065,1158.6445033851169,1176.482011795044
17:38:00,0.46704912185668945,128.46614454916062,4.100457086858497,1160.5596182667452,1176.949060678482
17:38:00,0.4836304187774658,124.06167534223681,3.9598726781276072,1162.4747331483736,1177.4326922893524
17:38:01,0.5045077800750732,118.92779927213749,3.7960066370895635,1164.389848030002,1177.9371991157532
17:38:01,0.5489795207977295,109.29369444021009,3.488499678176375,1166.3049629116304,1178.486174106598
17:38:02,0.588822603225708,101.89826217829608,3.2524479718286163,1168.2200777932587,1179.0750019550323
17:38:03,0.6238198280334473,96.18161735760503,3.06998077901047,1170.135192674887,1179.698820590973
17:38:03,0.6712596416473389,89.3841909708052,2.8530165718415823,1172.0503075565155,1180.370080947876
17:38:04,0.7027566432952881,85.37806162693062,2.725146606438549,1173.9654224381438,1181.0728375911713
17:38:05,0.7462997436523438,80.39665095738047,2.566147044692591,1175.8805373197722,1181.8191368579865
17:38:06,0.6961474418640137,86.18863819903324,2.7510190607040985,1177.7956522014006,1182.5152842998505
17:38:06,0.6958239078521729,86.2287129299773,2.752298189264236,1179.710767083029,1183.2111084461212
17:38:07,0.6775014400482178,88.56069737022227,2.826731824351549,1181.6258819646573,1183.8886048793793
17:38:08,0.620835542678833,96.64395137737603,3.0847378250362443,1183.5409968462857,1184.5094406604767
17:38:08,0.5737979412078857,104.56642607273164,3.337611978176231,1185.456111727914,1185.083238363266
17:38:09,0.5611090660095215,106.93108280482116,3.413088466469017,1187.3712266095424,1185.644352197647
17:38:09,0.5229408740997314,114.73572438431586,3.6622015537134387,1189.2863414911708,1186.1672928333282
17:38:10,0.5225274562835693,114.82650199234455,3.665099046181011,1191.2014563727992,1186.689820766449
17:38:10,0.5089619159698486,117.88701299127153,3.762786215504881,1193.1165712544275,1187.1987824440002
17:38:11,0.5061028003692627,118.5529895432762,3.784043242264208,1195.031686136056,1187.7048845291138
17:38:11,0.5218803882598877,114.96887284854438,3.669643321937986,1196.9468010176843,1188.226765871048
17:38:12,0.5246720314025879,114.35715343850909,3.6501181061789945,1198.8619158993126,1188.7514400482178
17:38:12,0.5268609523773193,113.8820398992676,3.634953156021253,1200.777030780941,1189.2782936096191
17:38:13,0.5311758518218994,112.95694221452992,3.6054253503045697,1202.6921456625694,1189.8094747066498
17:38:13,0.5341637134552002,112.32511398405228,3.585258289524226,1204.6072605441977,1190.3436379432678
17:38:14,0.562962532043457,106.57902894924521,3.401851406836548,1206.522375425826,1190.906601190567
17:38:15,0.6242692470550537,96.1123750417721,3.067770662518969,1208.4374903074545,1191.5308701992035
17:38:15,0.6942558288574219,86.4234731723399,2.758514659905871,1210.3526051890829,1192.2251257896423
17:38:16,0.736900806427002,81.42208486773268,2.598877440389954,1212.2677200707112,1192.9620215892792
17:38:17,0.7455401420593262,80.4785639499818,2.568761591211416,1214.1828349523396,1193.7075624465942
17:38:17,0.7942774295806885,75.54035626024896,2.4111410072917714,1216.097949833968,1194.5018391609192
17:38:19,1.065192699432373,56.327836298514995,1.79790462575348,1218.0130647155963,1195.5670373439789
17:38:20,1.2644879817962646,47.45003579612293,1.5145378281158428,1219.9281795972247,1196.831524848938
17:38:21,0.7990434169769287,75.08978701933593,2.396759476317163,1221.843294478853,1197.6305677890778
17:38:21,0.751467227935791,79.84380125905729,2.54850086661655,1223.7584093604814,1198.3820350170135
17:38:22,0.681328296661377,88.06327330599665,2.810854753886906,1225.6735242421098,1199.0633590221405
17:38:23,0.663654088973999,90.40854414497656,2.8857124719732288,1227.5886391237382,1199.7270131111145
17:38:23,0.6752660274505615,88.85387026877018,2.8360894873665354,1229.5037540053665,1200.402278661728
17:38:24,0.768413782119751,78.08293057222845,2.492296372333734,1231.418868886995,1201.1706976890564
17:38:25,0.8768441677093506,68.42720999871933,2.1840994696142033,1233.3339837686233,1202.0475416183472
17:38:26,0.8245282173156738,72.76888618237399,2.3226796141230066,1235.2490986502517,1202.8720707893372
17:38:27,0.7800717353820801,76.91600307837321,2.4550497021793443,1237.16421353188,1203.652141571045
17:38:27,0.8277382850646973,72.48667976655243,2.313671985679159,1239.0793284135084,1204.4798758029938
17:38:28,0.9538695812225342,62.90168088083965,2.0077324189055052,1240.9944432951368,1205.4337449073792
17:38:30,1.6121761798858643,37.21677614927158,1.1879066974949863,1242.9095581767651,1207.0459260940552
17:38:47,16.704207181930542,3.5919094720582647,0.11464865472334056,1244.8246730583935,1223.7501337528229
17:38:48,1.0532653331756592,56.96570285769906,1.8182644214199206,1246.7397879400219,1224.8033983707428
17:38:49,0.883913516998291,67.87994396075743,2.1666315140556933,1248.6549028216502,1225.6873126029968
17:38:50,0.9105620384216309,65.89336856608261,2.103222845692054,1250.5700177032786,1226.5978739261627
17:38:51,1.1817853450775146,50.77064142817284,1.6205268491484681,1252.485132584907,1227.7796549797058
17:38:57,6.546893358230591,9.16465210550123,0.2925226938698589,1254.4002474665353,1234.3265478610992
17:38:58,1.002415418624878,59.855424093843766,1.9105002238048883,1256.3153623481637,1235.32896733284
17:38:59,0.8408682346343994,71.35481818514332,2.27754456970416,1258.230477229792,1236.169837474823
17:39:00,0.9164137840270996,65.47260751178936,2.0897927497472772,1260.1455921114205,1237.0862505435944
17:39:01,0.8632187843322754,69.50729188129488,2.2185741510591623,1262.0607069930488,1237.949469089508
17:39:02,0.7896878719329834,75.97938645446473,2.4251542282655514,1263.9758218746772,1238.7391521930695
17:39:02,0.6557612419128418,91.49671582446877,2.9204453682592613,1265.8909367563056,1239.3949131965637
17:39:03,0.5836520195007324,102.8009807133456,3.2812614668351996,1267.806051637934,1239.9785652160645
17:39:04,0.5713870525360107,105.00762965086366,3.351694570481369,1269.7211665195623,1240.549956560135
17:39:04,0.5509843826293945,108.89600847426823,3.4758061063165426,1271.6362814011907,1241.1009414196014
17:39:05,0.5328671932220459,112.59841244345095,3.5939815886362343,1273.551396282819,1241.6338086128235
17:39:05,0.5187067985534668,115.67228377828053,3.692095200928614,1275.4665111644474,1242.152515888214
17:39:06,0.5025210380554199,119.397986265767,3.8110143389003626,1277.3816260460758,1242.6550362110138
17:39:06,0.49513745307922363,121.17847201189161,3.867844918049201,1279.2967409277041,1243.1501743793488
17:39:07,0.4933457374572754,121.61856370593675,3.8818920205916485,1281.2118558093325,1243.6435146331787
17:39:07,0.4749014377593994,126.34200537080277,4.032657577673116,1283.126970690961,1244.1184163093567
17:39:08,0.48563218116760254,123.55029655518784,3.943550192707165,1285.0420855725893,1244.6040484905243
17:39:08,0.49150514602661133,122.07400163568471,3.8964289532069536,1286.9572004542176,1245.095571756363
17:39:09,0.5020763874053955,119.5037279288614,3.8143894627770325,1288.872315335846,1245.5976347923279
17:39:09,0.5143730640411377,116.64685457790887,3.723202118288091,1290.7874302174744,1246.112007856369
17:39:10,0.5328304767608643,112.60617141261639,3.594229243924815,1292.7025450991027,1246.6448385715485
17:39:10,0.5536730289459229,108.3672074730232,3.458927528534804,1294.617659980731,1247.1985111236572
17:39:11,0.5790715217590332,103.6141439277471,3.3072164830534168,1296.5327748623595,1247.7775824069977
17:39:11,0.6698877811431885,89.567240497517,2.858859253052929,1298.4478897439878,1248.4474711418152
17:39:12,0.8268184661865234,72.56731973674195,2.316245899128559,1300.3630046256162,1249.2742841243744
17:39:13,0.9457864761352539,63.439266170496175,2.0248913787116,1302.2781195072446,1250.2200758457184
17:39:19,5.4434123039245605,11.022497773453894,0.3518224919776059,1304.193234388873,1255.6634879112244
17:39:59,40.093573331832886,1.4964991896185547,0.047766131139719746,1306.1083492705013,1295.7570641040802
17:40:05,5.772776365280151,10.393612397816872,0.3317493629489248,1308.0234641521297,1301.5298376083374
17:40:42,37.53618407249451,1.5984576344819867,0.05102050005748037,1309.938579033758,1339.0660214424133
